,alpha0,alpha1,alpha2,Cr,C1,C2,Cd,Af,eff,pta,m,max_power,Ch,rho
Honda Accord 2011 Full Size,4.89E-04,4.29E-05,1.00E-06,1.75,0.0328,4.575,0.3,2.32,0.8,0.61,1487,132,0.95,1.2256
Cadillac 2014 SRX,6.04E-04,4.81E-05,1.00E-06,1.75,0.0328,4.575,0.39,3.33,0.92,0.54,2388,229.7,0.95,1.2256
2018 Toyota Camry LE2.5,0.0006289,1.20E-05,1.00E-06,1.75,0.0328,4.575,0.31,2.467,0.92,0.6,1495,151.4,0.95,1.2256
Cadillac 2014 SRX_old,6.04E-04,4.81E-05,1.00E-06,1.75,0.0328,4.575,0.39,3.33,0.92,0.54,2388,229.7,0.95,1.2256
Toyota RAV 4,0.000379424,4.93391E-05,0.000001,1.75,0.0328,4.575,0.32,2.50054,0.92,0.54,1501,,0.95,1.2256
